Position, Company, Location, URL
Render Assistant \u007C 랜더 어시스던트의 전체 세부 정보, Scanline VFX, 서울, https://kr.indeed.com//rc/clk?jk=9e016c220eb40498&fccid=0cdd855568d32f57&vjs=3
데이터분석 신입/경력 정규직의 전체 세부 정보, 블록스퀘어서울, 서울 서초구, https://kr.indeed.com//rc/clk?jk=88960e11c2cdd682&fccid=72348558bd9456ba&vjs=3
2023년 DIgital Lab 전문계약직 상시의 전체 세부 정보, GS칼텍스, 서울 강남구, https://kr.indeed.com//rc/clk?jk=2e45e43017a6ea1f&fccid=f152288f3dcf6e51&vjs=3
백엔드 개발자(인턴십)의 전체 세부 정보, 액스, 서울 서초구, https://kr.indeed.com//rc/clk?jk=b7223c792bfcbcd4&fccid=5013eca338141e7d&vjs=3
Data & Reporting Analyst의 전체 세부 정보, AIA, 서울, https://kr.indeed.com//rc/clk?jk=f15d2672714490bf&fccid=004041685e219574&vjs=3
Data & Reporting Analyst의 전체 세부 정보, AIA, 서울, https://kr.indeed.com//rc/clk?jk=f15d2672714490bf&fccid=004041685e219574&vjs=3
기술 인턴 인공지능 응용 연구/개발 인턴의 전체 세부 정보, 써로마인드로보틱스, 서울 관악구, https://kr.indeed.com//rc/clk?jk=71c47ac87bb4087e&fccid=230e414668234579&vjs=3
2023 Software Engineering Intern  People with Disabilities (장애인 채용)의 전체 세부 정보, Google, 서울, https://kr.indeed.com//rc/clk?jk=ed7b7e6eb72ffab8&fccid=a5b4499d9e91a5c6&vjs=3
[2023 전문연구요원] AI R&D-Language AI의 전체 세부 정보, 엔씨소프트, 성남 판교역, https://kr.indeed.com//rc/clk?jk=7da87f6985949b06&fccid=a1e4e21b1f33cf40&vjs=3
[메이저 금융그룹 연구소] Data Scientist 경력직 연구원 포지션의 전체 세부 정보, 메이저 금융그룹 연구소, 서울, https://kr.indeed.com//company/%EB%8D%94-%ED%9C%B4%EB%A8%BC/jobs/%EC%97%B0%EA%B5%AC%EC%86%8C-%EC%97%B0%EA%B5%AC%EC%9B%90-f8a5bc05f47465f8?fccid=3cfe13845f73c09f&vjs=3
AI 프로그램 개발자의 전체 세부 정보, 애이마, 서울 서대문구, https://kr.indeed.com//rc/clk?jk=efc2f1917c2df05a&fccid=7c04abbab932618e&vjs=3
AI 프로그램 개발자의 전체 세부 정보, 애이마, 서울 서대문구, https://kr.indeed.com//rc/clk?jk=efc2f1917c2df05a&fccid=7c04abbab932618e&vjs=3
딥러닝 AI 개발 연구원의 전체 세부 정보, 베이리스, 성남 수정구, https://kr.indeed.com//rc/clk?jk=87309d3ff40ead61&fccid=ce871e9e4a9f430a&vjs=3
JR0192526 SW engineer intern의 전체 세부 정보, 인텔코리아, 서울, https://kr.indeed.com//rc/clk?jk=83f4939522ffaa68&fccid=ded06d6a6799d929&vjs=3
Engineering internship in Sweden!의 전체 세부 정보, Iknal Semikan, 서울, https://kr.indeed.com//rc/clk?jk=73f84a6025e969d5&fccid=1c1f99bc5683e9f2&vjs=3
Data Scientist의 전체 세부 정보, Toss, 서울, https://kr.indeed.com//rc/clk?jk=9cb8324539546a71&fccid=18c4935c8ec646d5&vjs=3
[ICT] Data Engineering[책임매니저(G3)]의 전체 세부 정보, 현대자동차그룹, 서울 양재역, https://kr.indeed.com//rc/clk?jk=2227849edfa12196&fccid=980d6ecc399a3373&vjs=3
[ICT] Data Engineering[책임매니저(G3)]의 전체 세부 정보, 현대자동차그룹, 서울 양재역, https://kr.indeed.com//rc/clk?jk=2227849edfa12196&fccid=980d6ecc399a3373&vjs=3
파이썬 백엔드 엔지니어(Python Backend Engineer)의 전체 세부 정보, Dunamu, 서울, https://kr.indeed.com//rc/clk?jk=272637ad170fe32c&fccid=54c9c086b03b7cdc&vjs=3
Data Scientist의 전체 세부 정보, Logistics Management Institute, 서울, https://kr.indeed.com//rc/clk?jk=ffcab40699b79c6b&fccid=12626f295bf6a003&vjs=3
Staff  Data Scientist (S&OP)의 전체 세부 정보, Coupang, 서울, https://kr.indeed.com//rc/clk?jk=533f6ee06084f86f&fccid=56e12959d04ef145&vjs=3
위시켓과 함께할 서버개발자님의 전체 세부 정보, 위시켓, 서울 강남구, https://kr.indeed.com//rc/clk?jk=a3a65a4d59061430&fccid=533c91503ff32d48&vjs=3
국내 대기업 - 고객 데이터분석 포지션의 전체 세부 정보, 라피플코리아리미티드, 서울, https://kr.indeed.com//rc/clk?jk=75c348600e4ba140&fccid=28f5722fca6f5b12&vjs=3
국내 대기업 - 고객 데이터분석 포지션의 전체 세부 정보, 라피플코리아리미티드, 서울, https://kr.indeed.com//rc/clk?jk=75c348600e4ba140&fccid=28f5722fca6f5b12&vjs=3
[인공지능개발] AI Developer를 모십니다.의 전체 세부 정보, (주)바이오에이아이, 서울, https://kr.indeed.com//rc/clk?cmp=(%EC%A3%BC)%EB%B0%94%EC%9D%B4%EC%98%A4%EC%97%90%EC%9D%B4%EC%95%84%EC%9D%B4&ti=%5B%EC%9D%B8%EA%B3%B5%EC%A7%80%EB%8A%A5%EA%B0%9C%EB%B0%9C%5D+Ai+Developer%EB%A5%BC+%EB%AA%A8%EC%8B%AD%EB%8B%88%EB%8B%A4.&jk=393d36ead0df8531&fccid=2bf1cac26c8a5833&vjs=3
Machine Learning R&D 연구원의 전체 세부 정보, 카이어, 서울 서초구, https://kr.indeed.com//rc/clk?jk=19da3484bd7a72f1&fccid=908ef26c4dd7595f&vjs=3
Research Scientist의 전체 세부 정보, Riiid Labs, 서울, https://kr.indeed.com//rc/clk?jk=3d794e5c45b53dd1&fccid=933989f3b0ffe928&vjs=3
2023년 한화시스템 석/박사 신입 및 경력 채용 (SW분야)의 전체 세부 정보, 한화그룹, 서울, https://kr.indeed.com//rc/clk?jk=540ce8adcf30a84b&fccid=bd0dc1817223394f&vjs=3
데이터 분석 및 기획의 전체 세부 정보, 해커스, 서울 강남구, https://kr.indeed.com//rc/clk?jk=94cd49149171fd46&fccid=9fcc8dc27a170fd3&vjs=3
데이터 분석 및 기획의 전체 세부 정보, 해커스, 서울 강남구, https://kr.indeed.com//rc/clk?jk=94cd49149171fd46&fccid=9fcc8dc27a170fd3&vjs=3
Python 분석 인원 정규직 채용의 전체 세부 정보, (주)스마트모빌러티 관심기업, 서울 휘경동, https://kr.indeed.com//rc/clk?jk=5e761f105a377ae8&fccid=307824036b9dcb17&vjs=3
상시지원 (AI & ML Engineer)의 전체 세부 정보, Riiid Labs, 서울, https://kr.indeed.com//rc/clk?jk=52f5974359383a74&fccid=933989f3b0ffe928&vjs=3
웹개발자 백엔드&서버개발(HTML·DHTML·mHTML  JAVA 외) 신입/경력 정규직의 전체 세부 정보, 블록스퀘어서울, 서울 서초구, https://kr.indeed.com//rc/clk?jk=1eeb4f006adf13ba&fccid=72348558bd9456ba&vjs=3
백엔드 엔지니어 (Python) 정규직의 전체 세부 정보, 데이터비, 서울 마포구, https://kr.indeed.com//rc/clk?jk=79d696388d32d3ff&fccid=dd6f5fd8e8c02e7e&vjs=3
[TaaS] Data Scientist[연구원  책임연구원]의 전체 세부 정보, 현대자동차그룹, 서울 강남구, https://kr.indeed.com//rc/clk?jk=67b03ffab1c536ba&fccid=980d6ecc399a3373&vjs=3
[TaaS] Data Scientist[연구원  책임연구원]의 전체 세부 정보, 현대자동차그룹, 서울 강남구, https://kr.indeed.com//rc/clk?jk=67b03ffab1c536ba&fccid=980d6ecc399a3373&vjs=3
자율주행 센서퓨전 개발[연구원  책임연구원]의 전체 세부 정보, 현대자동차그룹, 서울 강남구, https://kr.indeed.com//rc/clk?jk=02839b1c3823ddd5&fccid=980d6ecc399a3373&vjs=3
Data Custodian의 전체 세부 정보, Chanel, 서울, https://kr.indeed.com//rc/clk?jk=02d5c6b415d8b33e&fccid=20f48cf7726b0510&vjs=3
클라우드 플랫폼 운영 엔지니어의 전체 세부 정보, NHN Enterprise, 성남 판교역, https://kr.indeed.com//rc/clk?jk=40e20a58af1e44ee&fccid=cc378bd7bc831eca&vjs=3
[금융SM] 그룹공동 마이데이터 분석플랫폼(수집적재/분석모델) Tech 경력 정규의 전체 세부 정보, KB데이타시스템, 서울 마포구, https://kr.indeed.com//rc/clk?jk=6f6c89b643f60328&fccid=fe227fbd2afb9580&vjs=3
Quantitative Researcher의 전체 세부 정보, WorldQuant, 서울, https://kr.indeed.com//rc/clk?jk=348a65ecf46497d8&fccid=08487f979320ebae&vjs=3
Quantitative Researcher의 전체 세부 정보, WorldQuant, 서울, https://kr.indeed.com//rc/clk?jk=348a65ecf46497d8&fccid=08487f979320ebae&vjs=3
AI R&D (Research and Development) Engineer (전문연구요원 가능)의 전체 세부 정보, 이마고웍스, 서울 강남구, https://kr.indeed.com//rc/clk?jk=56d3950c0672dfe1&fccid=1c5712d7c48c7685&vjs=3
System Engineer의 전체 세부 정보, Toss, 서울, https://kr.indeed.com//rc/clk?jk=a2ef9a233d991365&fccid=18c4935c8ec646d5&vjs=3
AJOU KIURI Bio-AI 센터 학생연구원의 전체 세부 정보, 아주대학교, 수원 영통구, https://kr.indeed.com//rc/clk?jk=7f517b7b1b8d1bd5&fccid=3b1e77596c7c0ec1&vjs=3
[] Software Engineer의 전체 세부 정보, 모빌린트, 서울 강남구, https://kr.indeed.com//rc/clk?jk=7951a96de00b3c6c&fccid=53b5b88225bcdcea&vjs=3
(Seoul) Research Scientist · Lunit SCOPE - 전문연 가능의 전체 세부 정보, 루닛, 서울 강남구, https://kr.indeed.com//rc/clk?jk=6e082552a85c98a2&fccid=6d18d2033ad0f4df&vjs=3
(Seoul) Research Scientist · Lunit SCOPE - 전문연 가능의 전체 세부 정보, 루닛, 서울 강남구, https://kr.indeed.com//rc/clk?jk=6e082552a85c98a2&fccid=6d18d2033ad0f4df&vjs=3
[홈페이지지원] 2023년 신입·경력 중의 전체 세부 정보, 사이냅소프트, 서울 강서구, https://kr.indeed.com//rc/clk?jk=c0cd7991573c901d&fccid=0673ca84bc014599&vjs=3
[비에이코리아 주식회사] 데이터분석가(Business Data Analyst) 신입/경력의 전체 세부 정보, 비에이코리아, 서울, https://kr.indeed.com//rc/clk?jk=1dc91764525277cc&fccid=4c13ec332a36c73a&vjs=3
[AI] AI Artist (경력 무관)의 전체 세부 정보, KRAFTON, 서울, https://kr.indeed.com//rc/clk?jk=23d0a50d18645351&fccid=71c5bb3a87fe9ecf&vjs=3
데이터 분석 및 모델 개발 (신입/경력)의 전체 세부 정보, 네피리티, 서울 서초구, https://kr.indeed.com//rc/clk?jk=b8022a40b5d69f0f&fccid=c19d960df8608057&vjs=3
M&S 분야 경력사원 모집(상시채용)의 전체 세부 정보, 한화그룹, 서울, https://kr.indeed.com//rc/clk?jk=9bb7fdf3c7592e32&fccid=bd0dc1817223394f&vjs=3
M&S 분야 경력사원 모집(상시채용)의 전체 세부 정보, 한화그룹, 서울, https://kr.indeed.com//rc/clk?jk=9bb7fdf3c7592e32&fccid=bd0dc1817223394f&vjs=3
데이터 분석 및 모델 개발 (신입/경력)의 전체 세부 정보, 네피리티, 서울 서초구, https://kr.indeed.com//rc/clk?jk=b8022a40b5d69f0f&fccid=c19d960df8608057&vjs=3
[nasmedia] 2023년 6월 nasmedia의 전체 세부 정보, 나스미디어, 서울 강남구, https://kr.indeed.com//rc/clk?jk=9cb2d20994345cee&fccid=ffeb1fa02eefd475&vjs=3
[데브시스터즈] Data Analyst의 전체 세부 정보, 데브시스터즈, 서울 강남구, https://kr.indeed.com//rc/clk?jk=6b53335986238646&fccid=58a9a803698a0afd&vjs=3
SQL  Python 기반 Data Engineer(경력직) 채용의 전체 세부 정보, 파인트리파트너스 주식회사 관심기업, 서울 도화동, https://kr.indeed.com//rc/clk?jk=1720b452301b54aa&fccid=4c458be029af0a85&vjs=3
원빔 개발인력 (BIM  C#  C++  Python  API)의 전체 세부 정보, 원빔그룹, 서울 마포구, https://kr.indeed.com//rc/clk?jk=6a0c7000b3b780f0&fccid=395d336f621e0a24&vjs=3
원빔 개발인력 (BIM  C#  C++  Python  API)의 전체 세부 정보, 원빔그룹, 서울 마포구, https://kr.indeed.com//rc/clk?jk=6a0c7000b3b780f0&fccid=395d336f621e0a24&vjs=3
대기업계열 모빌리티 데이터 분석 모델 개발 (신입/경력)의 전체 세부 정보, 경연파트너스, 서울 용산구, https://kr.indeed.com//rc/clk?jk=fc4ce8e7031b4ab0&fccid=0f76eb1d9acd6c10&vjs=3
[전문연구요원] 의료영상 리서치 엔지니어 정규직의 전체 세부 정보, 메디픽셀, 서울 마포구, https://kr.indeed.com//rc/clk?jk=3544467a7b64376f&fccid=aba88c202493b8a5&vjs=3
[데브시스터즈] DevOps Engineer (신입)의 전체 세부 정보, 데브시스터즈, 서울 강남구, https://kr.indeed.com//rc/clk?jk=3058f7280a2e6644&fccid=58a9a803698a0afd&vjs=3
Python 기반의 RPA 개발자의 전체 세부 정보, 퍼즐시스템즈, 서울 영등포구, https://kr.indeed.com//rc/clk?jk=16462286c62548ee&fccid=594f27abe353fd79&vjs=3
AI 연구 MLOps의 전체 세부 정보, 코그넷나인, 서울 서초구, https://kr.indeed.com//rc/clk?jk=36ae5f764253d121&fccid=015d2bad6d9df969&vjs=3
AI 연구 MLOps의 전체 세부 정보, 코그넷나인, 서울 서초구, https://kr.indeed.com//rc/clk?jk=36ae5f764253d121&fccid=015d2bad6d9df969&vjs=3
2023년 (주)메디씽큐 R&D 분야 정규직 신입/경력의 전체 세부 정보, 메디씽큐, 성남 분당구, https://kr.indeed.com//rc/clk?jk=35c468195cc1fbb2&fccid=a872981c5478e93c&vjs=3
[이젠아카데미 강남] 자바(JAVA)웹개발 강사/ 빅데이터 과정 강사/ R기반 빅데이터 분석&시각화 강사의 전체 세부 정보, 이젠아카데미, 서울 서초구, https://kr.indeed.com//rc/clk?jk=95e252817131d58b&fccid=f0e3ec0fd39c0819&vjs=3
자율 주행  로봇 SW 개발자의 전체 세부 정보, 에바, 성남 수정구, https://kr.indeed.com//rc/clk?jk=e30fe92d72ceb17c&fccid=5cc87f5890bd7170&vjs=3
[Engineering Div.] Online Game Tech PM (2년 이상)의 전체 세부 정보, KRAFTON, 서울, https://kr.indeed.com//rc/clk?jk=9d64131a7742bb8e&fccid=71c5bb3a87fe9ecf&vjs=3
웹개발  백엔드 외 신입/경력 정규직의 전체 세부 정보, 코인챗, 서울 강남구, https://kr.indeed.com//rc/clk?jk=e3f3b7e2103d9bc7&fccid=e60f835b4d91f8e6&vjs=3
웹개발  백엔드 외 신입/경력 정규직의 전체 세부 정보, 코인챗, 서울 강남구, https://kr.indeed.com//rc/clk?jk=e3f3b7e2103d9bc7&fccid=e60f835b4d91f8e6&vjs=3
Data Scientist  Growth Analytics Intern의 전체 세부 정보, Moloco, 서울, https://kr.indeed.com//rc/clk?jk=3d0e22b9756facb8&fccid=05089dbaca95e549&vjs=3
[대기업] 데이터분석가 경력 (대리~과장급 2명)의 전체 세부 정보, 에이치알니즈, 서울, https://kr.indeed.com//rc/clk?jk=b2eb1fe78ff9ee5f&fccid=b8c1027d6dda0525&vjs=3
8퍼센트 경력 개발자의 전체 세부 정보, 8퍼센트, 서울 종로구, https://kr.indeed.com//rc/clk?jk=464ef95516a5fa5c&fccid=ac216a9ae7b75c06&vjs=3
Python  JAVA 백엔드 개발자의 전체 세부 정보, 주식회사 소프트랩스 관심기업, 서울 가산동, https://kr.indeed.com//rc/clk?jk=29e22a2efce2715f&fccid=5d00ed32cfbf2240&vjs=3
개발자 Software Developer의 전체 세부 정보, 제로투엔종합건설, 서울 강남구, https://kr.indeed.com//rc/clk?jk=ea7542558ca0db4b&fccid=d0a1145b94537594&vjs=3
개발자 Software Developer의 전체 세부 정보, 제로투엔종합건설, 서울 강남구, https://kr.indeed.com//rc/clk?jk=ea7542558ca0db4b&fccid=d0a1145b94537594&vjs=3
건국대학교 교육성과관리센터 전문직(연구행정직)의 전체 세부 정보, 건국대학교, 서울 광진구, https://kr.indeed.com//rc/clk?jk=9f1921a56fecb3fc&fccid=eefd83ef2a2e294d&vjs=3
리서치 경력직 연구원의 전체 세부 정보, 리서치앤유, 서울 성동구, https://kr.indeed.com//rc/clk?jk=319acf518ef789e4&fccid=7c977224f6d09f7d&vjs=3
[올라핀테크] 핀테크 플랫폼 Python(파이썬) 개발자의 전체 세부 정보, 주식회사 올라핀테크 관심기업, 서울 논현동, https://kr.indeed.com//rc/clk?jk=83afc0063130f3f2&fccid=ee9199e84b45d22f&vjs=3
WaveBridge BackEnd Developer 경력직의 전체 세부 정보, 웨이브릿지, 서울 영등포구, https://kr.indeed.com//rc/clk?jk=ea7a7ab6e15151c1&fccid=ec1b6a3ffad8f995&vjs=3
[선행기술원] AI Data Scientist[책임연구원]의 전체 세부 정보, 현대자동차그룹, 성남 판교역, https://kr.indeed.com//rc/clk?jk=227799b436907962&fccid=980d6ecc399a3373&vjs=3
[선행기술원] AI Data Scientist[책임연구원]의 전체 세부 정보, 현대자동차그룹, 성남 판교역, https://kr.indeed.com//rc/clk?jk=227799b436907962&fccid=980d6ecc399a3373&vjs=3
2023년 하반기 사이냅소프트의 전체 세부 정보, 사이냅소프트, 서울 강서구, https://kr.indeed.com//rc/clk?jk=2d2b5caaae4fd4ba&fccid=0673ca84bc014599&vjs=3
IT Manager - Data Scientist의 전체 세부 정보, Procter & Gamble, 서울, https://kr.indeed.com//rc/clk?jk=d646b6fdb341deec&fccid=2da0dedf6df97194&vjs=3
데이터표준품질부문 경력직 (정규직)의 전체 세부 정보, 한국정보기술단, 서울 강남구, https://kr.indeed.com//rc/clk?jk=2dab915188811f21&fccid=99925e8e7b9604cc&vjs=3
Opportunistic Hire - Data Science의 전체 세부 정보, Coupang, 서울, https://kr.indeed.com//rc/clk?jk=babe42f36d67ed9f&fccid=56e12959d04ef145&vjs=3
Customer Engineer  Data Analytics  Google Cloud의 전체 세부 정보, Google, 서울, https://kr.indeed.com//rc/clk?jk=6a6226526d9482cc&fccid=a5b4499d9e91a5c6&vjs=3
Customer Engineer  Data Analytics  Google Cloud의 전체 세부 정보, Google, 서울, https://kr.indeed.com//rc/clk?jk=6a6226526d9482cc&fccid=a5b4499d9e91a5c6&vjs=3
Full-stack Python Developer , Lemon.io, Latin America Only/Europe Only/UK Only/Canada Only, https://weworkremotely.com/remote-jobs/lemon-io-full-stack-python-developer-1
Senior Open Source Developer & DevOps (Python  Django  React  AWS/OpenStack), OpenCraft, Anywhere in the World, https://weworkremotely.com/remote-jobs/opencraft-senior-open-source-developer-devops-python-django-react-aws-openstack
Senior/Staff Software Engineer - Backend/Python - USA (100% Remote), Close, USA Only, https://weworkremotely.com/remote-jobs/close-senior-staff-software-engineer-backend-python-usa-100-remote
Senior Backend Python Engineer: Long-term job - 100% remote, Proxify AB, Latin America Only/Europe Only/EMEA Only, https://weworkremotely.com/remote-jobs/proxify-ab-senior-backend-python-engineer-long-term-job-100-remote
